<DATAPACKET Version="2.0"><METADATA><FIELDS><FIELD attrname="DOCKEY" fieldtype="i4" required="true"/><FIELD attrname="DOCNO" fieldtype="string" required="true" WIDTH="20"/><FIELD attrname="DOCNOEX" fieldtype="string" WIDTH="20"/><FIELD attrname="DOCDATE" fieldtype="date"/><FIELD attrname="POSTDATE" fieldtype="date"/><FIELD attrname="TAXDATE" fieldtype="date"/><FIELD attrname="CODE" fieldtype="string" WIDTH="10"/><FIELD attrname="COMPANYNAME" fieldtype="string" WIDTH="100"/><FIELD attrname="ADDRESS1" fieldtype="string" WIDTH="60"/><FIELD attrname="ADDRESS2" fieldtype="string" WIDTH="60"/><FIELD attrname="ADDRESS3" fieldtype="string" WIDTH="60"/><FIELD attrname="ADDRESS4" fieldtype="string" WIDTH="60"/><FIELD attrname="PHONE1" fieldtype="string" WIDTH="30"/><FIELD attrname="FAX1" fieldtype="string" WIDTH="30"/><FIELD attrname="ATTENTION" fieldtype="string" WIDTH="70"/><FIELD attrname="AREA" fieldtype="string" WIDTH="10"/><FIELD attrname="AGENT" fieldtype="string" WIDTH="10"/><FIELD attrname="PROJECT" fieldtype="string" WIDTH="20"/><FIELD attrname="TERMS" fieldtype="string" WIDTH="10"/><FIELD attrname="CURRENCYCODE" fieldtype="string" WIDTH="6"/><FIELD attrname="CURRENCYRATE" fieldtype="fixedFMT" DECIMALS="10" WIDTH="19"/><FIELD attrname="SHIPPER" fieldtype="string" required="true" WIDTH="30"/><FIELD attrname="DESCRIPTION" fieldtype="string" WIDTH="200"/><FIELD attrname="COUNTRY" fieldtype="string" WIDTH="50"/><FIELD attrname="CANCELLED" fieldtype="string" WIDTH="1"/><FIELD attrname="DOCAMT" fieldtype="fixedFMT" DECIMALS="2" WIDTH="19"/><FIELD attrname="LOCALDOCAMT" fieldtype="fixedFMT" DECIMALS="2" WIDTH="19"/><FIELD attrname="D_AMOUNT" fieldtype="fixedFMT" DECIMALS="2" WIDTH="19"/><FIELD attrname="VALIDITY" fieldtype="string" WIDTH="200"/><FIELD attrname="DELIVERYTERM" fieldtype="string" WIDTH="200"/><FIELD attrname="CC" fieldtype="string" WIDTH="200"/><FIELD attrname="DOCREF1" fieldtype="string" WIDTH="25"/><FIELD attrname="DOCREF2" fieldtype="string" WIDTH="25"/><FIELD attrname="DOCREF3" fieldtype="string" WIDTH="25"/><FIELD attrname="DOCREF4" fieldtype="string" WIDTH="25"/><FIELD attrname="BRANCHNAME" fieldtype="string" WIDTH="100"/><FIELD attrname="DADDRESS1" fieldtype="string" WIDTH="60"/><FIELD attrname="DADDRESS2" fieldtype="string" WIDTH="60"/><FIELD attrname="DADDRESS3" fieldtype="string" WIDTH="60"/><FIELD attrname="DADDRESS4" fieldtype="string" WIDTH="60"/><FIELD attrname="DATTENTION" fieldtype="string" WIDTH="70"/><FIELD attrname="DPHONE1" fieldtype="string" WIDTH="30"/><FIELD attrname="DFAX1" fieldtype="string" WIDTH="30"/><FIELD attrname="ATTACHMENTS" fieldtype="bin.hex" SUBTYPE="Binary" WIDTH="8"/><FIELD attrname="NOTE" fieldtype="bin.hex" SUBTYPE="Binary" WIDTH="8"/><FIELD attrname="TRANSFERABLE" fieldtype="string" WIDTH="1"/><FIELD attrname="UPDATECOUNT" fieldtype="i4"/><FIELD attrname="PRINTCOUNT" fieldtype="i4"/><FIELD attrname="DOCNOSETKEY" fieldtype="i8" required="true"/><FIELD attrname="NEXTDOCNO" fieldtype="string" WIDTH="20"/><FIELD attrname="CHANGED" fieldtype="string" required="true" WIDTH="1"/><FIELD attrname="sdsDocDetail" fieldtype="nested"><FIELDS><FIELD attrname="DTLKEY" fieldtype="i4" required="true"/><FIELD attrname="DOCKEY" fieldtype="i4" required="true"/><FIELD attrname="SEQ" fieldtype="i4"/><FIELD attrname="STYLEID" fieldtype="string" WIDTH="5"/><FIELD attrname="NUMBER" fieldtype="string" WIDTH="5"/><FIELD attrname="ITEMCODE" fieldtype="string" WIDTH="30"/><FIELD attrname="LOCATION" fieldtype="string" WIDTH="20"/><FIELD attrname="BATCH" fieldtype="string" WIDTH="30"/><FIELD attrname="PROJECT" fieldtype="string" WIDTH="20"/><FIELD attrname="DESCRIPTION" fieldtype="string" WIDTH="200"/><FIELD attrname="DESCRIPTION2" fieldtype="string" WIDTH="200"/><FIELD attrname="DESCRIPTION3" fieldtype="bin.hex" SUBTYPE="Binary" WIDTH="8"/><FIELD attrname="RECEIVEQTY" fieldtype="fixedFMT" DECIMALS="4" WIDTH="19"/><FIELD attrname="RETURNQTY" fieldtype="fixedFMT" DECIMALS="4" WIDTH="19"/><FIELD attrname="QTY" fieldtype="fixedFMT" DECIMALS="4" WIDTH="19"/><FIELD attrname="UOM" fieldtype="string" WIDTH="10"/><FIELD attrname="RATE" fieldtype="fixedFMT" DECIMALS="4" WIDTH="19"/><FIELD attrname="SQTY" fieldtype="fixedFMT" DECIMALS="4" WIDTH="19"/><FIELD attrname="SUOMQTY" fieldtype="fixedFMT" DECIMALS="4" WIDTH="19"/><FIELD attrname="UNITPRICE" fieldtype="fixedFMT" DECIMALS="8" WIDTH="19"/><FIELD attrname="DISC" fieldtype="string" WIDTH="20"/><FIELD attrname="TAX" fieldtype="string" WIDTH="10"/><FIELD attrname="TAXRATE" fieldtype="string" WIDTH="20"/><FIELD attrname="TAXAMT" fieldtype="fixedFMT" DECIMALS="2" WIDTH="19"/><FIELD attrname="LOCALTAXAMT" fieldtype="fixedFMT" DECIMALS="2" WIDTH="19"/><FIELD attrname="TAXINCLUSIVE" fieldtype="i2"/><FIELD attrname="AMOUNT" fieldtype="fixedFMT" DECIMALS="2" WIDTH="19"/><FIELD attrname="LOCALAMOUNT" fieldtype="fixedFMT" DECIMALS="2" WIDTH="19"/><FIELD attrname="PRINTABLE" fieldtype="string" WIDTH="1"/><FIELD attrname="FROMDOCTYPE" fieldtype="string" WIDTH="2"/><FIELD attrname="FROMDOCKEY" fieldtype="i4"/><FIELD attrname="FROMDTLKEY" fieldtype="i4"/><FIELD attrname="TRANSFERABLE" fieldtype="string" WIDTH="1"/><FIELD attrname="REMARK1" fieldtype="string" WIDTH="200"/><FIELD attrname="REMARK2" fieldtype="string" WIDTH="200"/><FIELD attrname="INITIALPURCHASECOST" fieldtype="fixedFMT" DECIMALS="2" WIDTH="19"/><FIELD attrname="CHANGED" fieldtype="string" required="true" WIDTH="1"/><FIELD attrname="sdsSerialNumber" fieldtype="nested"><FIELDS><FIELD attrname="SERIALNUMBER" fieldtype="string" required="true" WIDTH="30"/></FIELDS><PARAMS MD_SEMANTICS="2" LCID="0"/></FIELD></FIELDS></FIELD></FIELDS><PARAMS MD_SEMANTICS="2" LCID="0"><PARAM Name="MD_FIELDLINKS" Value="52 1 2" Type="IntArray"/></PARAMS></METADATA><ROWDATA><ROW DOCKEY="" DOCNO="DO00001" DOCNOEX="" DOCDATE="20190414" POSTDATE="20190414" TAXDATE="20190414" CODE="6" COMPANYNAME="Dummy Farm 2" ADDRESS1="" ADDRESS2="" ADDRESS3="" ADDRESS4="" PHONE1="" FAX1="" ATTENTION="----" AREA="----" AGENT="" PROJECT="----" TERMS="" CURRENCYCODE="----" CURRENCYRATE="1.0000" SHIPPER="----" DESCRIPTION="Delivery Order" COUNTRY="" CANCELLED="F" DOCAMT="0.00" LOCALDOCAMT="0.00" D_AMOUNT="0.00" VALIDITY="" DELIVERYTERM="" CC="" DOCREF1="20190219-172328_PDA_3" DOCREF2="" DOCREF3="" DOCREF4="" BRANCHNAME="" DADDRESS1="" DADDRESS2="" DADDRESS3="" DADDRESS4="" DATTENTION="" DPHONE1="" DFAX1="" ATTACHMENTS="" NOTE="" TRANSFERABLE="T" UPDATECOUNT="" PRINTCOUNT="0" DOCNOSETKEY="0" NEXTDOCNO="0" CHANGED="F"><sdsDocDetail><ROWsdsDocDetail DTLKEY="" DOCKEY="" SEQ="1" STYLEID="" NUMBER="" ITEMCODE="IN1" LOCATION="Dummy Farm 2" BATCH="" PROJECT="----" DESCRIPTION="Kampung Chicken" DESCRIPTION2="" DESCRIPTION3="" RECEIVEQTY="" RETURNQTY="" QTY="0.9" UOM="KG" RATE="" SQTY="" SUOMQTY="" UNITPRICE="4.0" DISC="" TAX="" TAXRATE="" TAXAMT="0.00" LOCALTAXAMT="0.00" TAXINCLUSIVE="0" AMOUNT="4.00" LOCALAMOUNT="4.00" PRINTABLE="T" FROMDOCTYPE="" FROMDOCKEY="" FROMDTLKEY="" TRANSFERABLE="T" REMARK1="" REMARK2="" INITIALPURCHASECOST="" CHANGED="F"/><ROWsdsDocDetail DTLKEY="" DOCKEY="" SEQ="2" STYLEID="" NUMBER="" ITEMCODE="IN1" LOCATION="Dummy Farm 2" BATCH="" PROJECT="----" DESCRIPTION="Kampung Chicken" DESCRIPTION2="" DESCRIPTION3="" RECEIVEQTY="" RETURNQTY="" QTY="0.8" UOM="KG" RATE="" SQTY="" SUOMQTY="" UNITPRICE="5.0" DISC="" TAX="" TAXRATE="" TAXAMT="0.00" LOCALTAXAMT="0.00" TAXINCLUSIVE="0" AMOUNT="5.00" LOCALAMOUNT="5.00" PRINTABLE="T" FROMDOCTYPE="" FROMDOCKEY="" FROMDTLKEY="" TRANSFERABLE="T" REMARK1="" REMARK2="" INITIALPURCHASECOST="" CHANGED="F"/><ROWsdsDocDetail DTLKEY="" DOCKEY="" SEQ="3" STYLEID="" NUMBER="" ITEMCODE="IN1" LOCATION="Dummy Farm 2" BATCH="" PROJECT="----" DESCRIPTION="Kampung Chicken" DESCRIPTION2="" DESCRIPTION3="" RECEIVEQTY="" RETURNQTY="" QTY="0.3" UOM="KG" RATE="" SQTY="" SUOMQTY="" UNITPRICE="5.0" DISC="" TAX="" TAXRATE="" TAXAMT="0.00" LOCALTAXAMT="0.00" TAXINCLUSIVE="0" AMOUNT="5.00" LOCALAMOUNT="5.00" PRINTABLE="T" FROMDOCTYPE="" FROMDOCKEY="" FROMDTLKEY="" TRANSFERABLE="T" REMARK1="" REMARK2="" INITIALPURCHASECOST="" CHANGED="F"/><ROWsdsDocDetail DTLKEY="" DOCKEY="" SEQ="4" STYLEID="" NUMBER="" ITEMCODE="IN1" LOCATION="Dummy Farm 2" BATCH="" PROJECT="----" DESCRIPTION="Kampung Chicken" DESCRIPTION2="" DESCRIPTION3="" RECEIVEQTY="" RETURNQTY="" QTY="0.3" UOM="KG" RATE="" SQTY="" SUOMQTY="" UNITPRICE="0.00" DISC="" TAX="" TAXRATE="" TAXAMT="0.00" LOCALTAXAMT="0.00" TAXINCLUSIVE="0" AMOUNT="0.00" LOCALAMOUNT="0.00" PRINTABLE="T" FROMDOCTYPE="" FROMDOCKEY="" FROMDTLKEY="" TRANSFERABLE="T" REMARK1="" REMARK2="" INITIALPURCHASECOST="" CHANGED="F"/><ROWsdsDocDetail DTLKEY="" DOCKEY="" SEQ="5" STYLEID="" NUMBER="" ITEMCODE="IN1" LOCATION="Dummy Farm 2" BATCH="" PROJECT="----" DESCRIPTION="Kampung Chicken" DESCRIPTION2="" DESCRIPTION3="" RECEIVEQTY="" RETURNQTY="" QTY="0.3" UOM="KG" RATE="" SQTY="" SUOMQTY="" UNITPRICE="0.00" DISC="" TAX="" TAXRATE="" TAXAMT="0.00" LOCALTAXAMT="0.00" TAXINCLUSIVE="0" AMOUNT="0.00" LOCALAMOUNT="0.00" PRINTABLE="T" FROMDOCTYPE="" FROMDOCKEY="" FROMDTLKEY="" TRANSFERABLE="T" REMARK1="" REMARK2="" INITIALPURCHASECOST="" CHANGED="F"/><ROWsdsDocDetail DTLKEY="" DOCKEY="" SEQ="6" STYLEID="" NUMBER="" ITEMCODE="IN1" LOCATION="Dummy Farm 2" BATCH="" PROJECT="----" DESCRIPTION="Kampung Chicken" DESCRIPTION2="" DESCRIPTION3="" RECEIVEQTY="" RETURNQTY="" QTY="0.3" UOM="KG" RATE="" SQTY="" SUOMQTY="" UNITPRICE="0.00" DISC="" TAX="" TAXRATE="" TAXAMT="0.00" LOCALTAXAMT="0.00" TAXINCLUSIVE="0" AMOUNT="0.00" LOCALAMOUNT="0.00" PRINTABLE="T" FROMDOCTYPE="" FROMDOCKEY="" FROMDTLKEY="" TRANSFERABLE="T" REMARK1="" REMARK2="" INITIALPURCHASECOST="" CHANGED="F"/><ROWsdsDocDetail DTLKEY="" DOCKEY="" SEQ="7" STYLEID="" NUMBER="" ITEMCODE="IN1" LOCATION="Dummy Farm 2" BATCH="" PROJECT="----" DESCRIPTION="Kampung Chicken" DESCRIPTION2="" DESCRIPTION3="" RECEIVEQTY="" RETURNQTY="" QTY="0.3" UOM="KG" RATE="" SQTY="" SUOMQTY="" UNITPRICE="0.00" DISC="" TAX="" TAXRATE="" TAXAMT="0.00" LOCALTAXAMT="0.00" TAXINCLUSIVE="0" AMOUNT="0.00" LOCALAMOUNT="0.00" PRINTABLE="T" FROMDOCTYPE="" FROMDOCKEY="" FROMDTLKEY="" TRANSFERABLE="T" REMARK1="" REMARK2="" INITIALPURCHASECOST="" CHANGED="F"/><ROWsdsDocDetail DTLKEY="" DOCKEY="" SEQ="8" STYLEID="" NUMBER="" ITEMCODE="IN1" LOCATION="Dummy Farm 2" BATCH="" PROJECT="----" DESCRIPTION="Kampung Chicken" DESCRIPTION2="" DESCRIPTION3="" RECEIVEQTY="" RETURNQTY="" QTY="0.3" UOM="KG" RATE="" SQTY="" SUOMQTY="" UNITPRICE="0.00" DISC="" TAX="" TAXRATE="" TAXAMT="0.00" LOCALTAXAMT="0.00" TAXINCLUSIVE="0" AMOUNT="0.00" LOCALAMOUNT="0.00" PRINTABLE="T" FROMDOCTYPE="" FROMDOCKEY="" FROMDTLKEY="" TRANSFERABLE="T" REMARK1="" REMARK2="" INITIALPURCHASECOST="" CHANGED="F"/><ROWsdsDocDetail DTLKEY="" DOCKEY="" SEQ="9" STYLEID="" NUMBER="" ITEMCODE="IN1" LOCATION="Dummy Farm 2" BATCH="" PROJECT="----" DESCRIPTION="Kampung Chicken" DESCRIPTION2="" DESCRIPTION3="" RECEIVEQTY="" RETURNQTY="" QTY="0.3" UOM="KG" RATE="" SQTY="" SUOMQTY="" UNITPRICE="0.00" DISC="" TAX="" TAXRATE="" TAXAMT="0.00" LOCALTAXAMT="0.00" TAXINCLUSIVE="0" AMOUNT="0.00" LOCALAMOUNT="0.00" PRINTABLE="T" FROMDOCTYPE="" FROMDOCKEY="" FROMDTLKEY="" TRANSFERABLE="T" REMARK1="" REMARK2="" INITIALPURCHASECOST="" CHANGED="F"/></sdsDocDetail></ROW></ROWDATA></DATAPACKET>